{
	"name": "EasyLevel3",
	"planets": {
		"p1": {
			"x": -300,
			"y": 250,
			"radius": 130,
			"radiusSpan": 0,
			"name": "p1",
			"texture": "planet1",
			"isTextureRandom": true,
			"displayWidth": 0,
			"displayHeight": 0
		},
		"p2": {
			"x": -350,
			"y": -150,
			"radius": 150,
			"radiusSpan": 0,
			"name": "p2",
			"texture": "planet2",
			"isTextureRandom": true,
			"displayWidth": 0,
			"displayHeight": 0
		},
		"p3": {
			"x": 550,
			"y": 50,
			"radius": 100,
			"radiusSpan": 0,
			"name": "p3",
			"texture": "planet1",
			"isTextureRandom": true,
			"displayWidth": 0,
			"displayHeight": 0
		}
	},
	"moons": {
		"m1": {
			"orbit": "p1",
			"name": "moon1",
			"texture": "moon",
			"IsTextureRandom": false,
			"startPos": 0,
			"isCCW": true,
			"IsCCWRandom": false,
			"speed": 1,
			"isGolden": false
		},
		"m2": {
			"orbit": "p2",
			"name": "moon2",
			"texture": "moon",
			"IsTextureRandom": false,
			"startPos": 1,
			"isCCW": true,
			"IsCCWRandom": true,
			"speed": 0.4,
			"isGolden": false
		},
		"m3": {
			"orbit": "p3",
			"name": "moon3",
			"texture": "moon",
			"IsTextureRandom": false,
			"startPos": 2,
			"isCCW": true,
			"IsCCWRandom": true,
			"speed": 1.5,
			"isGolden": false
		}
	},
	"exits": {
		"up": {
			"On": true,
			"PlanetTexture": "satellite",
			"PlanetRadius": 50,
			"MoonTexture": "star",
			"isCCW": false
		},
		"down": {
			"On": true,
			"PlanetTexture": "satellite",
			"PlanetRadius": 50,
			"MoonTexture": "star",
			"isCCW": false
		},
		"left": {
			"On": true,
			"PlanetTexture": "satellite",
			"PlanetRadius": 50,
			"MoonTexture": "star",
			"isCCW": false
		},
		"right": {
			"On": false,
			"PlanetTexture": "satellite",
			"PlanetRadius": 50,
			"MoonTexture": "star",
			"isCCW": false
		}
	}
}
