{
	"name": "exampleLevel",
	"planets": {
		"p1": {
			"x": -650,
			"y": -200,
			"radius": 130,
			"radiusSpan": 0,
			"name": "Start",
			"texture": "planet1",
			"isTextureRandom": true,
			"displayWidth": 0,
			"displayHeight": 0
		},
		"p2": {
			"x": 100,
			"y": 50,
			"radius": 250,
			"radiusSpan": 0,
			"name": "Start2",
			"texture": "planet2",
			"isTextureRandom": true,
			"displayWidth": 0,
			"displayHeight": 0
		},
		"p3": {
			"x": 550,
			"y": -50,
			"radius": 70,
			"radiusSpan": 0,
			"name": "Start3",
			"texture": "planet1",
			"isTextureRandom": true,
			"displayWidth": 0,
			"displayHeight": 0
		},
		"p4": {
			"x": -700,
			"y": 400,
			"radius": 70,
			"radiusSpan": 0,
			"name": "Golden",
			"texture": "planet3",
			"isTextureRandom": true,
			"displayWidth": 0,
			"displayHeight": 0
		}
	},
	"moons": {
		"m1": {
			"orbit": "Start",
			"name": "StartMoon",
			"texture": "moon",
			"IsTextureRandom": false,
			"startPos": 0,
			"isCCW": true,
			"IsCCWRandom": false,
			"speed": 1,
			"isGolden": false
		},
		"m2": {
			"orbit": "Start2",
			"name": "StartMoon2",
			"texture": "moon",
			"IsTextureRandom": false,
			"startPos": 1,
			"isCCW": true,
			"IsCCWRandom": true,
			"speed": 0.4,
			"isGolden": false
		},
		"m3": {
			"orbit": "Start3",
			"name": "StartMoon3",
			"texture": "moon",
			"IsTextureRandom": false,
			"startPos": 2,
			"isCCW": true,
			"IsCCWRandom": true,
			"speed": 1.5,
			"isGolden": false
		},
		"m4": {
			"orbit": "Golden",
			"name": "StartMoon4",
			"texture": "goldenMoon",
			"IsTextureRandom": false,
			"startPos": 1.5,
			"isCCW": true,
			"IsCCWRandom": true,
			"speed": 5,
			"isGolden": true
		}
	},
	"exits": {
		"up": {
			"On": true,
			"PlanetTexture": "satellite",
			"PlanetRadius": 50,
			"MoonTexture": "star",
			"isCCW": false
		},
		"down": {
			"On": true,
			"PlanetTexture": "satellite",
			"PlanetRadius": 50,
			"MoonTexture": "star",
			"isCCW": false
		},
		"left": {
			"On": true,
			"PlanetTexture": "satellite",
			"PlanetRadius": 50,
			"MoonTexture": "star",
			"isCCW": false
		},
		"right": {
			"On": true,
			"PlanetTexture": "satellite",
			"PlanetRadius": 50,
			"MoonTexture": "star",
			"isCCW": false
		}
	}
}
