{
	"name": "NormalLevel2",
	"planets": {
		"p1": {
			"x": -450,
			"y": -250,
			"radius": 300,
			"radiusSpan": 20,
			"name": "p1",
			"texture": "planet3",
			"isTextureRandom": false,
			"displayWidth": 0,
			"displayHeight": 0
		},
		"p2": {
			"x": 450,
			"y": 250,
			"radius": 300,
			"radiusSpan": 0,
			"name": "p2",
			"texture": "planet2",
			"isTextureRandom": false,
			"displayWidth": 0,
			"displayHeight": 0
		},
		"p3": {
			"x": 800,
			"y": -400,
			"radius": 50,
			"radiusSpan": 0,
			"name": "p3",
			"texture": "planet1",
			"isTextureRandom": false,
			"displayWidth": 0,
			"displayHeight": 0
		},
    "p4": {
			"x": 0,
			"y": 0,
			"radius": 75,
			"radiusSpan": 10,
			"name": "p4",
			"texture": "planet1",
			"isTextureRandom": false,
			"displayWidth": 0,
			"displayHeight": 0
		}
	},
	"moons": {
		"m1": {
			"orbit": "p1",
			"name": "moon1",
			"texture": "moon",
			"IsTextureRandom": false,
			"startPos": 0,
			"isCCW": true,
			"IsCCWRandom": false,
			"speed": 1.2,
			"isGolden": false
		},
		"m2": {
			"orbit": "p2",
			"name": "moon2",
			"texture": "moon",
			"IsTextureRandom": false,
			"startPos": 1,
			"isCCW": true,
			"IsCCWRandom": true,
			"speed": 1.4,
			"isGolden": false
		},
		"m3": {
			"orbit": "p3",
			"name": "moon3",
			"texture": "goldenMoon",
			"IsTextureRandom": false,
			"startPos": 2,
			"isCCW": true,
			"IsCCWRandom": true,
			"speed": 2.2,
			"isGolden": true
		},
    "m4": {
			"orbit": "p4",
			"name": "moon4",
			"texture": "moon",
			"IsTextureRandom": false,
			"startPos": 2,
			"isCCW": true,
			"IsCCWRandom": true,
			"speed": 3,
			"isGolden": false
		}
	},
	"exits": {
		"up": {
			"On": true,
			"PlanetTexture": "satellite",
			"PlanetRadius": 50,
			"MoonTexture": "star",
			"isCCW": false
		},
		"down": {
			"On": true,
			"PlanetTexture": "satellite",
			"PlanetRadius": 50,
			"MoonTexture": "star",
			"isCCW": false
		},
		"left": {
			"On": true,
			"PlanetTexture": "satellite",
			"PlanetRadius": 50,
			"MoonTexture": "star",
			"isCCW": false
		},
		"right": {
			"On": true,
			"PlanetTexture": "satellite",
			"PlanetRadius": 50,
			"MoonTexture": "star",
			"isCCW": false
		}
	}
}
