﻿{
  "frames": {
    "Hermes_0000": {
      "frame": { "x": 0, "y": 0, "w": 300, "h": 450 },
      "rotated": false,
      "trimmed": false,
      "spriteSourceSize": { "x": 0, "y": 0, "w": 300, "h": 450 },
      "sourceSize": { "w": 300, "h": 450 }
    },
    "Hermes_0001": {
      "frame": { "x": 0, "y": 0, "w": 300, "h": 450 },
      "rotated": false,
      "trimmed": false,
      "spriteSourceSize": { "x": 0, "y": 0, "w": 300, "h": 450 },
      "sourceSize": { "w": 300, "h": 450 }
    },
    "Hermes_0002": {
      "frame": { "x": 300, "y": 0, "w": 300, "h": 450 },
      "rotated": false,
      "trimmed": false,
      "spriteSourceSize": { "x": 0, "y": 0, "w": 300, "h": 450 },
      "sourceSize": { "w": 300, "h": 450 }
    },
    "Hermes_0003": {
      "frame": { "x": 300, "y": 0, "w": 300, "h": 450 },
      "rotated": false,
      "trimmed": false,
      "spriteSourceSize": { "x": 0, "y": 0, "w": 300, "h": 450 },
      "sourceSize": { "w": 300, "h": 450 }
    },
    "Hermes_0004": {
      "frame": { "x": 600, "y": 0, "w": 300, "h": 450 },
      "rotated": false,
      "trimmed": false,
      "spriteSourceSize": { "x": 0, "y": 0, "w": 300, "h": 450 },
      "sourceSize": { "w": 300, "h": 450 }
    },
    "Hermes_0005": {
      "frame": { "x": 600, "y": 0, "w": 300, "h": 450 },
      "rotated": false,
      "trimmed": false,
      "spriteSourceSize": { "x": 0, "y": 0, "w": 300, "h": 450 },
      "sourceSize": { "w": 300, "h": 450 }
    },
    "Hermes_0006": {
      "frame": { "x": 0, "y": 450, "w": 300, "h": 450 },
      "rotated": false,
      "trimmed": false,
      "spriteSourceSize": { "x": 0, "y": 0, "w": 300, "h": 450 },
      "sourceSize": { "w": 300, "h": 450 }
    },
    "Hermes_0007": {
      "frame": { "x": 0, "y": 450, "w": 300, "h": 450 },
      "rotated": false,
      "trimmed": false,
      "spriteSourceSize": { "x": 0, "y": 0, "w": 300, "h": 450 },
      "sourceSize": { "w": 300, "h": 450 }
    }
  },
  "meta": {
    "app": "Adobe Animate",
    "version": "18.0.2.126",
    "image": "Hermes_animated.png",
    "format": "RGBA8888",
    "size": { "w": 1024, "h": 1024 },
    "scale": "1"
  }
}
