﻿{
	"frames": {
		"Planet1_0000": {
			"frame": { "x": 0, "y": 0, "w": 100, "h": 100 },
			"rotated": false,
			"trimmed": false,
			"spriteSourceSize": { "x": 0, "y": 0, "w": 100, "h": 100 },
			"sourceSize": { "w": 100, "h": 100 }
		},
		"Planet1_0001": {
			"frame": { "x": 0, "y": 0, "w": 100, "h": 100 },
			"rotated": false,
			"trimmed": false,
			"spriteSourceSize": { "x": 0, "y": 0, "w": 100, "h": 100 },
			"sourceSize": { "w": 100, "h": 100 }
		},
		"Planet1_0002": {
			"frame": { "x": 0, "y": 0, "w": 100, "h": 100 },
			"rotated": false,
			"trimmed": false,
			"spriteSourceSize": { "x": 0, "y": 0, "w": 100, "h": 100 },
			"sourceSize": { "w": 100, "h": 100 }
		},
		"Planet1_0003": {
			"frame": { "x": 0, "y": 0, "w": 100, "h": 100 },
			"rotated": false,
			"trimmed": false,
			"spriteSourceSize": { "x": 0, "y": 0, "w": 100, "h": 100 },
			"sourceSize": { "w": 100, "h": 100 }
		},
		"Planet1_0004": {
			"frame": { "x": 0, "y": 0, "w": 100, "h": 100 },
			"rotated": false,
			"trimmed": false,
			"spriteSourceSize": { "x": 0, "y": 0, "w": 100, "h": 100 },
			"sourceSize": { "w": 100, "h": 100 }
		},
		"Planet1_0005": {
			"frame": { "x": 0, "y": 0, "w": 100, "h": 100 },
			"rotated": false,
			"trimmed": false,
			"spriteSourceSize": { "x": 0, "y": 0, "w": 100, "h": 100 },
			"sourceSize": { "w": 100, "h": 100 }
		},
		"Planet1_0006": {
			"frame": { "x": 100, "y": 0, "w": 100, "h": 100 },
			"rotated": false,
			"trimmed": false,
			"spriteSourceSize": { "x": 0, "y": 0, "w": 100, "h": 100 },
			"sourceSize": { "w": 100, "h": 100 }
		},
		"Planet1_0007": {
			"frame": { "x": 100, "y": 0, "w": 100, "h": 100 },
			"rotated": false,
			"trimmed": false,
			"spriteSourceSize": { "x": 0, "y": 0, "w": 100, "h": 100 },
			"sourceSize": { "w": 100, "h": 100 }
		},
		"Planet1_0008": {
			"frame": { "x": 100, "y": 0, "w": 100, "h": 100 },
			"rotated": false,
			"trimmed": false,
			"spriteSourceSize": { "x": 0, "y": 0, "w": 100, "h": 100 },
			"sourceSize": { "w": 100, "h": 100 }
		},
		"Planet1_0009": {
			"frame": { "x": 100, "y": 0, "w": 100, "h": 100 },
			"rotated": false,
			"trimmed": false,
			"spriteSourceSize": { "x": 0, "y": 0, "w": 100, "h": 100 },
			"sourceSize": { "w": 100, "h": 100 }
		},
		"Planet1_0010": {
			"frame": { "x": 100, "y": 0, "w": 100, "h": 100 },
			"rotated": false,
			"trimmed": false,
			"spriteSourceSize": { "x": 0, "y": 0, "w": 100, "h": 100 },
			"sourceSize": { "w": 100, "h": 100 }
		},
		"Planet1_0011": {
			"frame": { "x": 100, "y": 0, "w": 100, "h": 100 },
			"rotated": false,
			"trimmed": false,
			"spriteSourceSize": { "x": 0, "y": 0, "w": 100, "h": 100 },
			"sourceSize": { "w": 100, "h": 100 }
		},
		"Planet1_0012": {
			"frame": { "x": 0, "y": 100, "w": 100, "h": 100 },
			"rotated": false,
			"trimmed": false,
			"spriteSourceSize": { "x": 0, "y": 0, "w": 100, "h": 100 },
			"sourceSize": { "w": 100, "h": 100 }
		},
		"Planet1_0013": {
			"frame": { "x": 0, "y": 100, "w": 100, "h": 100 },
			"rotated": false,
			"trimmed": false,
			"spriteSourceSize": { "x": 0, "y": 0, "w": 100, "h": 100 },
			"sourceSize": { "w": 100, "h": 100 }
		},
		"Planet1_0014": {
			"frame": { "x": 0, "y": 100, "w": 100, "h": 100 },
			"rotated": false,
			"trimmed": false,
			"spriteSourceSize": { "x": 0, "y": 0, "w": 100, "h": 100 },
			"sourceSize": { "w": 100, "h": 100 }
		},
		"Planet1_0015": {
			"frame": { "x": 0, "y": 100, "w": 100, "h": 100 },
			"rotated": false,
			"trimmed": false,
			"spriteSourceSize": { "x": 0, "y": 0, "w": 100, "h": 100 },
			"sourceSize": { "w": 100, "h": 100 }
		},
		"Planet1_0016": {
			"frame": { "x": 0, "y": 100, "w": 100, "h": 100 },
			"rotated": false,
			"trimmed": false,
			"spriteSourceSize": { "x": 0, "y": 0, "w": 100, "h": 100 },
			"sourceSize": { "w": 100, "h": 100 }
		},
		"Planet1_0017": {
			"frame": { "x": 0, "y": 100, "w": 100, "h": 100 },
			"rotated": false,
			"trimmed": false,
			"spriteSourceSize": { "x": 0, "y": 0, "w": 100, "h": 100 },
			"sourceSize": { "w": 100, "h": 100 }
		},
		"Planet1_0018": {
			"frame": { "x": 100, "y": 100, "w": 100, "h": 100 },
			"rotated": false,
			"trimmed": false,
			"spriteSourceSize": { "x": 0, "y": 0, "w": 100, "h": 100 },
			"sourceSize": { "w": 100, "h": 100 }
		},
		"Planet1_0019": {
			"frame": { "x": 100, "y": 100, "w": 100, "h": 100 },
			"rotated": false,
			"trimmed": false,
			"spriteSourceSize": { "x": 0, "y": 0, "w": 100, "h": 100 },
			"sourceSize": { "w": 100, "h": 100 }
		},
		"Planet1_0020": {
			"frame": { "x": 100, "y": 100, "w": 100, "h": 100 },
			"rotated": false,
			"trimmed": false,
			"spriteSourceSize": { "x": 0, "y": 0, "w": 100, "h": 100 },
			"sourceSize": { "w": 100, "h": 100 }
		},
		"Planet1_0021": {
			"frame": { "x": 100, "y": 100, "w": 100, "h": 100 },
			"rotated": false,
			"trimmed": false,
			"spriteSourceSize": { "x": 0, "y": 0, "w": 100, "h": 100 },
			"sourceSize": { "w": 100, "h": 100 }
		},
		"Planet1_0022": {
			"frame": { "x": 100, "y": 100, "w": 100, "h": 100 },
			"rotated": false,
			"trimmed": false,
			"spriteSourceSize": { "x": 0, "y": 0, "w": 100, "h": 100 },
			"sourceSize": { "w": 100, "h": 100 }
		},
		"Planet1_0023": {
			"frame": { "x": 100, "y": 100, "w": 100, "h": 100 },
			"rotated": false,
			"trimmed": false,
			"spriteSourceSize": { "x": 0, "y": 0, "w": 100, "h": 100 },
			"sourceSize": { "w": 100, "h": 100 }
		}
	},
	"meta": {
		"app": "Adobe Animate",
		"version": "18.0.2.126",
		"image": "Planet_1.png",
		"format": "RGBA8888",
		"size": { "w": 256, "h": 256 },
		"scale": "1"
	}
}
