﻿{
	"frames": {
		"Planet3_0000": {
			"frame": { "x": 0, "y": 0, "w": 100, "h": 100 },
			"rotated": false,
			"trimmed": false,
			"spriteSourceSize": { "x": 0, "y": 0, "w": 100, "h": 100 },
			"sourceSize": { "w": 100, "h": 100 }
		},
		"Planet3_0001": {
			"frame": { "x": 0, "y": 0, "w": 100, "h": 100 },
			"rotated": false,
			"trimmed": false,
			"spriteSourceSize": { "x": 0, "y": 0, "w": 100, "h": 100 },
			"sourceSize": { "w": 100, "h": 100 }
		},
		"Planet3_0002": {
			"frame": { "x": 0, "y": 0, "w": 100, "h": 100 },
			"rotated": false,
			"trimmed": false,
			"spriteSourceSize": { "x": 0, "y": 0, "w": 100, "h": 100 },
			"sourceSize": { "w": 100, "h": 100 }
		},
		"Planet3_0003": {
			"frame": { "x": 0, "y": 0, "w": 100, "h": 100 },
			"rotated": false,
			"trimmed": false,
			"spriteSourceSize": { "x": 0, "y": 0, "w": 100, "h": 100 },
			"sourceSize": { "w": 100, "h": 100 }
		},
		"Planet3_0004": {
			"frame": { "x": 0, "y": 0, "w": 100, "h": 100 },
			"rotated": false,
			"trimmed": false,
			"spriteSourceSize": { "x": 0, "y": 0, "w": 100, "h": 100 },
			"sourceSize": { "w": 100, "h": 100 }
		},
		"Planet3_0005": {
			"frame": { "x": 0, "y": 0, "w": 100, "h": 100 },
			"rotated": false,
			"trimmed": false,
			"spriteSourceSize": { "x": 0, "y": 0, "w": 100, "h": 100 },
			"sourceSize": { "w": 100, "h": 100 }
		},
		"Planet3_0006": {
			"frame": { "x": 0, "y": 100, "w": 100, "h": 100 },
			"rotated": false,
			"trimmed": false,
			"spriteSourceSize": { "x": 0, "y": 0, "w": 100, "h": 100 },
			"sourceSize": { "w": 100, "h": 100 }
		},
		"Planet3_0007": {
			"frame": { "x": 0, "y": 100, "w": 100, "h": 100 },
			"rotated": false,
			"trimmed": false,
			"spriteSourceSize": { "x": 0, "y": 0, "w": 100, "h": 100 },
			"sourceSize": { "w": 100, "h": 100 }
		},
		"Planet3_0008": {
			"frame": { "x": 0, "y": 100, "w": 100, "h": 100 },
			"rotated": false,
			"trimmed": false,
			"spriteSourceSize": { "x": 0, "y": 0, "w": 100, "h": 100 },
			"sourceSize": { "w": 100, "h": 100 }
		},
		"Planet3_0009": {
			"frame": { "x": 0, "y": 100, "w": 100, "h": 100 },
			"rotated": false,
			"trimmed": false,
			"spriteSourceSize": { "x": 0, "y": 0, "w": 100, "h": 100 },
			"sourceSize": { "w": 100, "h": 100 }
		},
		"Planet3_0010": {
			"frame": { "x": 0, "y": 100, "w": 100, "h": 100 },
			"rotated": false,
			"trimmed": false,
			"spriteSourceSize": { "x": 0, "y": 0, "w": 100, "h": 100 },
			"sourceSize": { "w": 100, "h": 100 }
		},
		"Planet3_0011": {
			"frame": { "x": 0, "y": 100, "w": 100, "h": 100 },
			"rotated": false,
			"trimmed": false,
			"spriteSourceSize": { "x": 0, "y": 0, "w": 100, "h": 100 },
			"sourceSize": { "w": 100, "h": 100 }
		},
		"Planet3_0012": {
			"frame": { "x": 0, "y": 200, "w": 100, "h": 100 },
			"rotated": false,
			"trimmed": false,
			"spriteSourceSize": { "x": 0, "y": 0, "w": 100, "h": 100 },
			"sourceSize": { "w": 100, "h": 100 }
		},
		"Planet3_0013": {
			"frame": { "x": 0, "y": 200, "w": 100, "h": 100 },
			"rotated": false,
			"trimmed": false,
			"spriteSourceSize": { "x": 0, "y": 0, "w": 100, "h": 100 },
			"sourceSize": { "w": 100, "h": 100 }
		},
		"Planet3_0014": {
			"frame": { "x": 0, "y": 200, "w": 100, "h": 100 },
			"rotated": false,
			"trimmed": false,
			"spriteSourceSize": { "x": 0, "y": 0, "w": 100, "h": 100 },
			"sourceSize": { "w": 100, "h": 100 }
		},
		"Planet3_0015": {
			"frame": { "x": 0, "y": 200, "w": 100, "h": 100 },
			"rotated": false,
			"trimmed": false,
			"spriteSourceSize": { "x": 0, "y": 0, "w": 100, "h": 100 },
			"sourceSize": { "w": 100, "h": 100 }
		},
		"Planet3_0016": {
			"frame": { "x": 0, "y": 200, "w": 100, "h": 100 },
			"rotated": false,
			"trimmed": false,
			"spriteSourceSize": { "x": 0, "y": 0, "w": 100, "h": 100 },
			"sourceSize": { "w": 100, "h": 100 }
		},
		"Planet3_0017": {
			"frame": { "x": 0, "y": 200, "w": 100, "h": 100 },
			"rotated": false,
			"trimmed": false,
			"spriteSourceSize": { "x": 0, "y": 0, "w": 100, "h": 100 },
			"sourceSize": { "w": 100, "h": 100 }
		},
		"Planet3_0018": {
			"frame": { "x": 0, "y": 300, "w": 100, "h": 100 },
			"rotated": false,
			"trimmed": false,
			"spriteSourceSize": { "x": 0, "y": 0, "w": 100, "h": 100 },
			"sourceSize": { "w": 100, "h": 100 }
		},
		"Planet3_0019": {
			"frame": { "x": 0, "y": 300, "w": 100, "h": 100 },
			"rotated": false,
			"trimmed": false,
			"spriteSourceSize": { "x": 0, "y": 0, "w": 100, "h": 100 },
			"sourceSize": { "w": 100, "h": 100 }
		},
		"Planet3_0020": {
			"frame": { "x": 0, "y": 300, "w": 100, "h": 100 },
			"rotated": false,
			"trimmed": false,
			"spriteSourceSize": { "x": 0, "y": 0, "w": 100, "h": 100 },
			"sourceSize": { "w": 100, "h": 100 }
		},
		"Planet3_0021": {
			"frame": { "x": 0, "y": 300, "w": 100, "h": 100 },
			"rotated": false,
			"trimmed": false,
			"spriteSourceSize": { "x": 0, "y": 0, "w": 100, "h": 100 },
			"sourceSize": { "w": 100, "h": 100 }
		},
		"Planet3_0022": {
			"frame": { "x": 0, "y": 300, "w": 100, "h": 100 },
			"rotated": false,
			"trimmed": false,
			"spriteSourceSize": { "x": 0, "y": 0, "w": 100, "h": 100 },
			"sourceSize": { "w": 100, "h": 100 }
		},
		"Planet3_0023": {
			"frame": { "x": 0, "y": 300, "w": 100, "h": 100 },
			"rotated": false,
			"trimmed": false,
			"spriteSourceSize": { "x": 0, "y": 0, "w": 100, "h": 100 },
			"sourceSize": { "w": 100, "h": 100 }
		},
		"Planet3_0024": {
			"frame": { "x": 0, "y": 400, "w": 100, "h": 100 },
			"rotated": false,
			"trimmed": false,
			"spriteSourceSize": { "x": 0, "y": 0, "w": 100, "h": 100 },
			"sourceSize": { "w": 100, "h": 100 }
		},
		"Planet3_0025": {
			"frame": { "x": 0, "y": 400, "w": 100, "h": 100 },
			"rotated": false,
			"trimmed": false,
			"spriteSourceSize": { "x": 0, "y": 0, "w": 100, "h": 100 },
			"sourceSize": { "w": 100, "h": 100 }
		},
		"Planet3_0026": {
			"frame": { "x": 0, "y": 400, "w": 100, "h": 100 },
			"rotated": false,
			"trimmed": false,
			"spriteSourceSize": { "x": 0, "y": 0, "w": 100, "h": 100 },
			"sourceSize": { "w": 100, "h": 100 }
		},
		"Planet3_0027": {
			"frame": { "x": 0, "y": 400, "w": 100, "h": 100 },
			"rotated": false,
			"trimmed": false,
			"spriteSourceSize": { "x": 0, "y": 0, "w": 100, "h": 100 },
			"sourceSize": { "w": 100, "h": 100 }
		},
		"Planet3_0028": {
			"frame": { "x": 0, "y": 400, "w": 100, "h": 100 },
			"rotated": false,
			"trimmed": false,
			"spriteSourceSize": { "x": 0, "y": 0, "w": 100, "h": 100 },
			"sourceSize": { "w": 100, "h": 100 }
		},
		"Planet3_0029": {
			"frame": { "x": 0, "y": 400, "w": 100, "h": 100 },
			"rotated": false,
			"trimmed": false,
			"spriteSourceSize": { "x": 0, "y": 0, "w": 100, "h": 100 },
			"sourceSize": { "w": 100, "h": 100 }
		}
	},
	"meta": {
		"app": "Adobe Animate",
		"version": "18.0.2.126",
		"image": "Planet_3.png",
		"format": "RGBA8888",
		"size": { "w": 128, "h": 512 },
		"scale": "1"
	}
}
