﻿{
	"frames": {
		"Planet2_0000": {
			"frame": { "x": 0, "y": 0, "w": 100, "h": 100 },
			"rotated": false,
			"trimmed": false,
			"spriteSourceSize": { "x": 0, "y": 0, "w": 100, "h": 100 },
			"sourceSize": { "w": 100, "h": 100 }
		},
		"Planet2_0001": {
			"frame": { "x": 0, "y": 0, "w": 100, "h": 100 },
			"rotated": false,
			"trimmed": false,
			"spriteSourceSize": { "x": 0, "y": 0, "w": 100, "h": 100 },
			"sourceSize": { "w": 100, "h": 100 }
		},
		"Planet2_0002": {
			"frame": { "x": 0, "y": 0, "w": 100, "h": 100 },
			"rotated": false,
			"trimmed": false,
			"spriteSourceSize": { "x": 0, "y": 0, "w": 100, "h": 100 },
			"sourceSize": { "w": 100, "h": 100 }
		},
		"Planet2_0003": {
			"frame": { "x": 0, "y": 0, "w": 100, "h": 100 },
			"rotated": false,
			"trimmed": false,
			"spriteSourceSize": { "x": 0, "y": 0, "w": 100, "h": 100 },
			"sourceSize": { "w": 100, "h": 100 }
		},
		"Planet2_0004": {
			"frame": { "x": 0, "y": 0, "w": 100, "h": 100 },
			"rotated": false,
			"trimmed": false,
			"spriteSourceSize": { "x": 0, "y": 0, "w": 100, "h": 100 },
			"sourceSize": { "w": 100, "h": 100 }
		},
		"Planet2_0005": {
			"frame": { "x": 0, "y": 0, "w": 100, "h": 100 },
			"rotated": false,
			"trimmed": false,
			"spriteSourceSize": { "x": 0, "y": 0, "w": 100, "h": 100 },
			"sourceSize": { "w": 100, "h": 100 }
		},
		"Planet2_0006": {
			"frame": { "x": 100, "y": 0, "w": 100, "h": 100 },
			"rotated": false,
			"trimmed": false,
			"spriteSourceSize": { "x": 0, "y": 0, "w": 100, "h": 100 },
			"sourceSize": { "w": 100, "h": 100 }
		},
		"Planet2_0007": {
			"frame": { "x": 100, "y": 0, "w": 100, "h": 100 },
			"rotated": false,
			"trimmed": false,
			"spriteSourceSize": { "x": 0, "y": 0, "w": 100, "h": 100 },
			"sourceSize": { "w": 100, "h": 100 }
		},
		"Planet2_0008": {
			"frame": { "x": 100, "y": 0, "w": 100, "h": 100 },
			"rotated": false,
			"trimmed": false,
			"spriteSourceSize": { "x": 0, "y": 0, "w": 100, "h": 100 },
			"sourceSize": { "w": 100, "h": 100 }
		},
		"Planet2_0009": {
			"frame": { "x": 100, "y": 0, "w": 100, "h": 100 },
			"rotated": false,
			"trimmed": false,
			"spriteSourceSize": { "x": 0, "y": 0, "w": 100, "h": 100 },
			"sourceSize": { "w": 100, "h": 100 }
		},
		"Planet2_0010": {
			"frame": { "x": 100, "y": 0, "w": 100, "h": 100 },
			"rotated": false,
			"trimmed": false,
			"spriteSourceSize": { "x": 0, "y": 0, "w": 100, "h": 100 },
			"sourceSize": { "w": 100, "h": 100 }
		},
		"Planet2_0011": {
			"frame": { "x": 100, "y": 0, "w": 100, "h": 100 },
			"rotated": false,
			"trimmed": false,
			"spriteSourceSize": { "x": 0, "y": 0, "w": 100, "h": 100 },
			"sourceSize": { "w": 100, "h": 100 }
		},
		"Planet2_0012": {
			"frame": { "x": 0, "y": 100, "w": 100, "h": 100 },
			"rotated": false,
			"trimmed": false,
			"spriteSourceSize": { "x": 0, "y": 0, "w": 100, "h": 100 },
			"sourceSize": { "w": 100, "h": 100 }
		},
		"Planet2_0013": {
			"frame": { "x": 0, "y": 100, "w": 100, "h": 100 },
			"rotated": false,
			"trimmed": false,
			"spriteSourceSize": { "x": 0, "y": 0, "w": 100, "h": 100 },
			"sourceSize": { "w": 100, "h": 100 }
		},
		"Planet2_0014": {
			"frame": { "x": 0, "y": 100, "w": 100, "h": 100 },
			"rotated": false,
			"trimmed": false,
			"spriteSourceSize": { "x": 0, "y": 0, "w": 100, "h": 100 },
			"sourceSize": { "w": 100, "h": 100 }
		},
		"Planet2_0015": {
			"frame": { "x": 0, "y": 100, "w": 100, "h": 100 },
			"rotated": false,
			"trimmed": false,
			"spriteSourceSize": { "x": 0, "y": 0, "w": 100, "h": 100 },
			"sourceSize": { "w": 100, "h": 100 }
		},
		"Planet2_0016": {
			"frame": { "x": 0, "y": 100, "w": 100, "h": 100 },
			"rotated": false,
			"trimmed": false,
			"spriteSourceSize": { "x": 0, "y": 0, "w": 100, "h": 100 },
			"sourceSize": { "w": 100, "h": 100 }
		},
		"Planet2_0017": {
			"frame": { "x": 0, "y": 100, "w": 100, "h": 100 },
			"rotated": false,
			"trimmed": false,
			"spriteSourceSize": { "x": 0, "y": 0, "w": 100, "h": 100 },
			"sourceSize": { "w": 100, "h": 100 }
		},
		"Planet2_0018": {
			"frame": { "x": 100, "y": 100, "w": 100, "h": 100 },
			"rotated": false,
			"trimmed": false,
			"spriteSourceSize": { "x": 0, "y": 0, "w": 100, "h": 100 },
			"sourceSize": { "w": 100, "h": 100 }
		},
		"Planet2_0019": {
			"frame": { "x": 100, "y": 100, "w": 100, "h": 100 },
			"rotated": false,
			"trimmed": false,
			"spriteSourceSize": { "x": 0, "y": 0, "w": 100, "h": 100 },
			"sourceSize": { "w": 100, "h": 100 }
		},
		"Planet2_0020": {
			"frame": { "x": 100, "y": 100, "w": 100, "h": 100 },
			"rotated": false,
			"trimmed": false,
			"spriteSourceSize": { "x": 0, "y": 0, "w": 100, "h": 100 },
			"sourceSize": { "w": 100, "h": 100 }
		},
		"Planet2_0021": {
			"frame": { "x": 100, "y": 100, "w": 100, "h": 100 },
			"rotated": false,
			"trimmed": false,
			"spriteSourceSize": { "x": 0, "y": 0, "w": 100, "h": 100 },
			"sourceSize": { "w": 100, "h": 100 }
		},
		"Planet2_0022": {
			"frame": { "x": 100, "y": 100, "w": 100, "h": 100 },
			"rotated": false,
			"trimmed": false,
			"spriteSourceSize": { "x": 0, "y": 0, "w": 100, "h": 100 },
			"sourceSize": { "w": 100, "h": 100 }
		},
		"Planet2_0023": {
			"frame": { "x": 100, "y": 100, "w": 100, "h": 100 },
			"rotated": false,
			"trimmed": false,
			"spriteSourceSize": { "x": 0, "y": 0, "w": 100, "h": 100 },
			"sourceSize": { "w": 100, "h": 100 }
		},
		"Planet2_0024": {
			"frame": { "x": 0, "y": 200, "w": 100, "h": 100 },
			"rotated": false,
			"trimmed": false,
			"spriteSourceSize": { "x": 0, "y": 0, "w": 100, "h": 100 },
			"sourceSize": { "w": 100, "h": 100 }
		},
		"Planet2_0025": {
			"frame": { "x": 0, "y": 200, "w": 100, "h": 100 },
			"rotated": false,
			"trimmed": false,
			"spriteSourceSize": { "x": 0, "y": 0, "w": 100, "h": 100 },
			"sourceSize": { "w": 100, "h": 100 }
		},
		"Planet2_0026": {
			"frame": { "x": 0, "y": 200, "w": 100, "h": 100 },
			"rotated": false,
			"trimmed": false,
			"spriteSourceSize": { "x": 0, "y": 0, "w": 100, "h": 100 },
			"sourceSize": { "w": 100, "h": 100 }
		},
		"Planet2_0027": {
			"frame": { "x": 0, "y": 200, "w": 100, "h": 100 },
			"rotated": false,
			"trimmed": false,
			"spriteSourceSize": { "x": 0, "y": 0, "w": 100, "h": 100 },
			"sourceSize": { "w": 100, "h": 100 }
		},
		"Planet2_0028": {
			"frame": { "x": 0, "y": 200, "w": 100, "h": 100 },
			"rotated": false,
			"trimmed": false,
			"spriteSourceSize": { "x": 0, "y": 0, "w": 100, "h": 100 },
			"sourceSize": { "w": 100, "h": 100 }
		},
		"Planet2_0029": {
			"frame": { "x": 0, "y": 200, "w": 100, "h": 100 },
			"rotated": false,
			"trimmed": false,
			"spriteSourceSize": { "x": 0, "y": 0, "w": 100, "h": 100 },
			"sourceSize": { "w": 100, "h": 100 }
		},
		"Planet2_0030": {
			"frame": { "x": 100, "y": 200, "w": 100, "h": 100 },
			"rotated": false,
			"trimmed": false,
			"spriteSourceSize": { "x": 0, "y": 0, "w": 100, "h": 100 },
			"sourceSize": { "w": 100, "h": 100 }
		},
		"Planet2_0031": {
			"frame": { "x": 100, "y": 200, "w": 100, "h": 100 },
			"rotated": false,
			"trimmed": false,
			"spriteSourceSize": { "x": 0, "y": 0, "w": 100, "h": 100 },
			"sourceSize": { "w": 100, "h": 100 }
		},
		"Planet2_0032": {
			"frame": { "x": 100, "y": 200, "w": 100, "h": 100 },
			"rotated": false,
			"trimmed": false,
			"spriteSourceSize": { "x": 0, "y": 0, "w": 100, "h": 100 },
			"sourceSize": { "w": 100, "h": 100 }
		},
		"Planet2_0033": {
			"frame": { "x": 100, "y": 200, "w": 100, "h": 100 },
			"rotated": false,
			"trimmed": false,
			"spriteSourceSize": { "x": 0, "y": 0, "w": 100, "h": 100 },
			"sourceSize": { "w": 100, "h": 100 }
		},
		"Planet2_0034": {
			"frame": { "x": 100, "y": 200, "w": 100, "h": 100 },
			"rotated": false,
			"trimmed": false,
			"spriteSourceSize": { "x": 0, "y": 0, "w": 100, "h": 100 },
			"sourceSize": { "w": 100, "h": 100 }
		},
		"Planet2_0035": {
			"frame": { "x": 100, "y": 200, "w": 100, "h": 100 },
			"rotated": false,
			"trimmed": false,
			"spriteSourceSize": { "x": 0, "y": 0, "w": 100, "h": 100 },
			"sourceSize": { "w": 100, "h": 100 }
		}
	},
	"meta": {
		"app": "Adobe Animate",
		"version": "18.0.2.126",
		"image": "Planet_2.png",
		"format": "RGBA8888",
		"size": { "w": 256, "h": 512 },
		"scale": "1"
	}
}
